{
  "mercury": {
    "Easy_pass@1": 0.09318181818181817,
    "Easy_pass@3": 0.21250000000000002,
    "Easy_pass@5": 0.2727272727272727,
    "Easy_beyond@1": 0.06963028973663048,
    "Easy_beyond@3": 0.06057592256101896,
    "Easy_beyond@5": 0.06691250337128508,
    "Medium_pass@1": 0.014814814814814812,
    "Medium_pass@3": 0.04074074074074074,
    "Medium_pass@5": 0.06172839506172839,
    "Medium_beyond@1": 0.0056819662730992785,
    "Medium_beyond@3": 0.013217686470146964,
    "Medium_beyond@5": 0.01030751301748899,
    "Hard_pass@1": 0.006896551724137929,
    "Hard_pass@3": 0.02068965517241379,
    "Hard_pass@5": 0.034482758620689655,
    "Hard_beyond@1": 0.0,
    "Hard_beyond@3": 0.00010164985534443702,
    "Hard_beyond@5": 0.002315122020129322,
    "Average_pass@1": 0.03906249999999999,
    "Average_pass@3": 0.09296874999999999,
    "Average_pass@5": 0.125,
    "Average_beyond@1": 0.025733221738064544,
    "Average_beyond@3": 0.02503967705807241,
    "Average_beyond@5": 0.027049314323597445,
    "Easy": {
      "failed@load": 53,
      "failed@eval": 136,
      "failed@cases": 208,
      "failed@timeout": 2,
      "failed@error": 0,
      "passed": 41
    },
    "Medium": {
      "failed@load": 66,
      "failed@eval": 157,
      "failed@cases": 176,
      "failed@timeout": 0,
      "failed@error": 0,
      "passed": 6
    },
    "Hard": {
      "failed@load": 23,
      "failed@eval": 205,
      "failed@cases": 204,
      "failed@timeout": 0,
      "failed@error": 0,
      "passed": 3
    }
  },
  "config": {
    "prefix": "",
    "do_sample": true,
    "temperature": 1.0,
    "top_k": 0,
    "top_p": 0.95,
    "n_samples": 5,
    "eos": "<|endoftext|>",
    "seed": 0,
    "model": "/app/starcoderbase-1b",
    "modeltype": "causal",
    "peft_model": null,
    "revision": null,
    "use_auth_token": false,
    "trust_remote_code": false,
    "tasks": "mercury",
    "instruction_tokens": null,
    "batch_size": 1,
    "max_length_generation": 2048,
    "precision": "fp32",
    "load_in_8bit": false,
    "load_in_4bit": false,
    "left_padding": false,
    "limit": null,
    "limit_start": 0,
    "save_every_k_tasks": -1,
    "postprocess": true,
    "allow_code_execution": true,
    "generation_only": false,
    "load_generations_path": "output/generations_starcoderbase-1b_1_mercury.json",
    "load_data_path": null,
    "metric_output_path": "output/eval_starcoderbase-1b_1_mercury.json",
    "save_generations": false,
    "load_generations_intermediate_paths": null,
    "save_generations_path": "generations.json",
    "save_references": false,
    "save_references_path": "references.json",
    "prompt": "prompt",
    "max_memory_per_gpu": null,
    "check_references": false
  }
}