{
  "mercury": {
    "Easy_pass@1": 0.14318181818181816,
    "Easy_pass@3": 0.2897727272727273,
    "Easy_pass@5": 0.36363636363636365,
    "Easy_beyond@1": 0.07151283878509794,
    "Easy_beyond@3": 0.08662677574141818,
    "Easy_beyond@5": 0.08847684613290648,
    "Medium_pass@1": 0.029629629629629624,
    "Medium_pass@3": 0.07530864197530865,
    "Medium_pass@5": 0.1111111111111111,
    "Medium_beyond@1": 0.01801537109865036,
    "Medium_beyond@3": 0.018173625250424024,
    "Medium_beyond@5": 0.020271518238491545,
    "Hard_pass@1": 0.011494252873563216,
    "Hard_pass@3": 0.027586206896551724,
    "Hard_pass@5": 0.034482758620689655,
    "Hard_beyond@1": 0.00819615317969156,
    "Hard_beyond@3": 0.003459827875007219,
    "Hard_beyond@5": 0.002075896725004331,
    "Average_pass@1": 0.062499999999999986,
    "Average_pass@3": 0.1328125,
    "Average_pass@5": 0.171875,
    "Average_beyond@1": 0.03306812577622056,
    "Average_beyond@3": 0.036704003654901465,
    "Average_beyond@5": 0.03753343145347251,
    "Easy": {
      "failed@load": 53,
      "failed@eval": 108,
      "failed@cases": 216,
      "failed@timeout": 0,
      "failed@error": 0,
      "passed": 63
    },
    "Medium": {
      "failed@load": 52,
      "failed@eval": 128,
      "failed@cases": 213,
      "failed@timeout": 0,
      "failed@error": 0,
      "passed": 12
    },
    "Hard": {
      "failed@load": 17,
      "failed@eval": 166,
      "failed@cases": 247,
      "failed@timeout": 0,
      "failed@error": 0,
      "passed": 5
    }
  },
  "config": {
    "prefix": "",
    "do_sample": true,
    "temperature": 0.8,
    "top_k": 0,
    "top_p": 0.95,
    "n_samples": 5,
    "eos": "<|endoftext|>",
    "seed": 0,
    "model": "/app/starcoderbase-1b",
    "pt": "",
    "modeltype": "causal",
    "peft_model": null,
    "revision": null,
    "use_auth_token": false,
    "trust_remote_code": false,
    "tasks": "mercury",
    "instruction_tokens": null,
    "batch_size": 1,
    "max_length_generation": 2048,
    "precision": "fp32",
    "load_in_8bit": false,
    "load_in_4bit": false,
    "left_padding": false,
    "limit": null,
    "limit_start": 0,
    "save_every_k_tasks": -1,
    "postprocess": true,
    "allow_code_execution": true,
    "generation_only": false,
    "load_generations_path": "output/generations_starcoderbase-1b_mercury.json",
    "load_data_path": null,
    "metric_output_path": "output/eval_starcoderbase-1b_mercury.json",
    "save_generations": false,
    "load_generations_intermediate_paths": null,
    "save_generations_path": "generations.json",
    "save_references": false,
    "save_references_path": "references.json",
    "prompt": "prompt",
    "max_memory_per_gpu": null,
    "check_references": false
  }
}